Total Nacional;Comunidades y Ciudades Autónomas;Origen del agua;periodo;Total
España;;Total;2018;17.326.575
España;;Total;2016;18.409.534
España;;Total;2015;18.639.889
España;;Total;2014;19.702.748
España;;Total;2013;18.319.713
España;;Total;2012;19.658.549
España;;Total;2011;18.910.389
España;;Total;2010;17.851.961
España;;Total;2009;18.751.474
España;;Total;2008;17.346.247
España;;Total;2007;17.780.196
España;;Total;2006;17.473.578
España;;Total;2005;18.129.646
España;;Total;2004;20.414.793
España;;Total;2003;21.145.615
España;;Total;2002;20.736.692
España;;Total;2001;21.957.012
España;;Total;2000;22.171.768
España;;Aguas superficiales;2018;12.870.064
España;;Aguas superficiales;2016;13.812.391
España;;Aguas superficiales;2015;14.054.770
España;;Aguas superficiales;2014;14.905.915
España;;Aguas superficiales;2013;14.066.146
España;;Aguas superficiales;2012;15.120.576
España;;Aguas superficiales;2011;14.792.098
España;;Aguas superficiales;2010;14.474.666
España;;Aguas superficiales;2009;14.647.639
España;;Aguas superficiales;2008;13.629.292
España;;Aguas superficiales;2007;13.853.234
España;;Aguas superficiales;2006;13.929.893
España;;Aguas superficiales;2005;14.755.383
España;;Aguas superficiales;2004;19.027.663
España;;Aguas superficiales;2003;19.857.464
España;;Aguas superficiales;2002;19.558.938
España;;Aguas superficiales;2001;19.774.797
España;;Aguas superficiales;2000;20.465.481
España;;Aguas subterráneas;2018;4.142.241
España;;Aguas subterráneas;2016;4.249.215
España;;Aguas subterráneas;2015;4.245.652
España;;Aguas subterráneas;2014;4.424.694
España;;Aguas subterráneas;2013;3.919.820
España;;Aguas subterráneas;2012;4.225.883
España;;Aguas subterráneas;2011;3.848.032
España;;Aguas subterráneas;2010;3.168.585
España;;Aguas subterráneas;2009;3.875.651
España;;Aguas subterráneas;2008;3.542.803
España;;Aguas subterráneas;2007;3.744.314
España;;Aguas subterráneas;2006;3.319.011
España;;Aguas subterráneas;2005;3.189.613
España;;Aguas subterráneas;2004;1.158.781
España;;Aguas subterráneas;2003;936.645
España;;Aguas subterráneas;2002;915.974
España;;Aguas subterráneas;2001;1.244.428
España;;Aguas subterráneas;2000;905.999
España;;Otros recursos hídricos;2018;314.269
España;;Otros recursos hídricos;2016;347.928
España;;Otros recursos hídricos;2015;339.467
España;;Otros recursos hídricos;2014;372.139
España;;Otros recursos hídricos;2013;333.747
España;;Otros recursos hídricos;2012;312.090
España;;Otros recursos hídricos;2011;270.259
España;;Otros recursos hídricos;2010;208.710
España;;Otros recursos hídricos;2009;228.184
España;;Otros recursos hídricos;2008;174.152
España;;Otros recursos hídricos;2007;182.648
España;;Otros recursos hídricos;2006;224.674
España;;Otros recursos hídricos;2005;184.650
España;;Otros recursos hídricos;2004;228.349
España;;Otros recursos hídricos;2003;351.506
España;;Otros recursos hídricos;2002;261.780
España;;Otros recursos hídricos;2001;937.787
España;;Otros recursos hídricos;2000;800.288
España;Andalucía;Total;2018;4.577.345
España;Andalucía;Total;2016;4.335.032
España;Andalucía;Total;2015;4.473.718
España;Andalucía;Total;2014;4.519.306
España;Andalucía;Total;2013;3.981.768
España;Andalucía;Total;2012;3.836.112
España;Andalucía;Total;2011;4.156.174
España;Andalucía;Total;2010;4.191.876
España;Andalucía;Total;2009;4.171.899
España;Andalucía;Total;2008;3.815.665
España;Andalucía;Total;2007;3.954.654
España;Andalucía;Total;2006;4.205.718
España;Andalucía;Total;2005;4.465.639
España;Andalucía;Total;2004;4.851.056
España;Andalucía;Total;2003;5.211.260
España;Andalucía;Total;2002;5.303.137
España;Andalucía;Total;2001;5.142.150
España;Andalucía;Total;2000;5.110.436
España;Andalucía;Aguas superficiales;2018;3.153.791
España;Andalucía;Aguas superficiales;2016;3.060.533
España;Andalucía;Aguas superficiales;2015;3.129.850
España;Andalucía;Aguas superficiales;2014;3.186.112
España;Andalucía;Aguas superficiales;2013;2.857.820
España;Andalucía;Aguas superficiales;2012;2.733.248
España;Andalucía;Aguas superficiales;2011;2.975.172
España;Andalucía;Aguas superficiales;2010;3.538.686
España;Andalucía;Aguas superficiales;2009;3.354.051
España;Andalucía;Aguas superficiales;2008;2.925.341
España;Andalucía;Aguas superficiales;2007;3.089.097
España;Andalucía;Aguas superficiales;2006;3.367.536
España;Andalucía;Aguas superficiales;2005;3.934.093
España;Andalucía;Aguas superficiales;2004;4.613.699
España;Andalucía;Aguas superficiales;2003;4.894.410
España;Andalucía;Aguas superficiales;2002;5.059.186
España;Andalucía;Aguas superficiales;2001;4.864.846
España;Andalucía;Aguas superficiales;2000;4.779.403
España;Andalucía;Aguas subterráneas;2018;1.364.049
España;Andalucía;Aguas subterráneas;2016;1.222.479
España;Andalucía;Aguas subterráneas;2015;1.294.046
España;Andalucía;Aguas subterráneas;2014;1.283.483
España;Andalucía;Aguas subterráneas;2013;1.070.461
España;Andalucía;Aguas subterráneas;2012;1.058.258
España;Andalucía;Aguas subterráneas;2011;1.142.852
España;Andalucía;Aguas subterráneas;2010;628.277
España;Andalucía;Aguas subterráneas;2009;798.101
España;Andalucía;Aguas subterráneas;2008;864.633
España;Andalucía;Aguas subterráneas;2007;845.073
España;Andalucía;Aguas subterráneas;2006;791.395
España;Andalucía;Aguas subterráneas;2005;515.753
España;Andalucía;Aguas subterráneas;2004;193.151
España;Andalucía;Aguas subterráneas;2003;265.623
España;Andalucía;Aguas subterráneas;2002;232.903
España;Andalucía;Aguas subterráneas;2001;247.273
España;Andalucía;Aguas subterráneas;2000;197.676
España;Andalucía;Otros recursos hídricos;2018;59.505
España;Andalucía;Otros recursos hídricos;2016;52.020
España;Andalucía;Otros recursos hídricos;2015;49.822
España;Andalucía;Otros recursos hídricos;2014;49.711
España;Andalucía;Otros recursos hídricos;2013;53.487
España;Andalucía;Otros recursos hídricos;2012;44.606
España;Andalucía;Otros recursos hídricos;2011;38.150
España;Andalucía;Otros recursos hídricos;2010;24.913
España;Andalucía;Otros recursos hídricos;2009;19.747
España;Andalucía;Otros recursos hídricos;2008;25.691
España;Andalucía;Otros recursos hídricos;2007;20.484
España;Andalucía;Otros recursos hídricos;2006;46.787
España;Andalucía;Otros recursos hídricos;2005;15.793
España;Andalucía;Otros recursos hídricos;2004;44.206
España;Andalucía;Otros recursos hídricos;2003;51.227
España;Andalucía;Otros recursos hídricos;2002;11.048
España;Andalucía;Otros recursos hídricos;2001;30.031
España;Andalucía;Otros recursos hídricos;2000;133.357
España;Aragón;Total;2018;2.149.394
España;Aragón;Total;2016;2.570.871
España;Aragón;Total;2015;2.552.468
España;Aragón;Total;2014;2.825.550
España;Aragón;Total;2013;2.730.584
España;Aragón;Total;2012;3.157.582
España;Aragón;Total;2011;2.953.112
España;Aragón;Total;2010;2.514.418
España;Aragón;Total;2009;2.376.293
España;Aragón;Total;2008;2.357.345
España;Aragón;Total;2007;2.408.565
España;Aragón;Total;2006;2.347.413
España;Aragón;Total;2005;2.411.723
España;Aragón;Total;2004;2.731.710
España;Aragón;Total;2003;2.897.770
España;Aragón;Total;2002;2.909.919
España;Aragón;Total;2001;2.998.259
España;Aragón;Total;2000;2.816.215
España;Aragón;Aguas superficiales;2018;2.076.315
España;Aragón;Aguas superficiales;2016;2.501.457
España;Aragón;Aguas superficiales;2015;2.489.328
España;Aragón;Aguas superficiales;2014;2.715.353
España;Aragón;Aguas superficiales;2013;2.631.720
España;Aragón;Aguas superficiales;2012;3.013.058
España;Aragón;Aguas superficiales;2011;2.816.759
España;Aragón;Aguas superficiales;2010;2.450.626
España;Aragón;Aguas superficiales;2009;2.297.445
España;Aragón;Aguas superficiales;2008;2.264.225
España;Aragón;Aguas superficiales;2007;2.342.416
España;Aragón;Aguas superficiales;2006;2.306.367
España;Aragón;Aguas superficiales;2005;2.335.365
España;Aragón;Aguas superficiales;2004;2.653.324
España;Aragón;Aguas superficiales;2003;2.811.313
España;Aragón;Aguas superficiales;2002;2.874.896
España;Aragón;Aguas superficiales;2001;2.869.507
España;Aragón;Aguas superficiales;2000;2.711.886
España;Aragón;Aguas subterráneas;2018;70.930
España;Aragón;Aguas subterráneas;2016;66.843
España;Aragón;Aguas subterráneas;2015;58.820
España;Aragón;Aguas subterráneas;2014;101.721
España;Aragón;Aguas subterráneas;2013;92.610
España;Aragón;Aguas subterráneas;2012;139.298
España;Aragón;Aguas subterráneas;2011;131.632
España;Aragón;Aguas subterráneas;2010;58.490
España;Aragón;Aguas subterráneas;2009;68.108
España;Aragón;Aguas subterráneas;2008;91.885
España;Aragón;Aguas subterráneas;2007;66.014
España;Aragón;Aguas subterráneas;2006;40.863
España;Aragón;Aguas subterráneas;2005;71.697
España;Aragón;Aguas subterráneas;2004;78.386
España;Aragón;Aguas subterráneas;2003;3.534
España;Aragón;Aguas subterráneas;2002;5.023
España;Aragón;Aguas subterráneas;2001;15.143
España;Aragón;Aguas subterráneas;2000;5.618
España;Aragón;Otros recursos hídricos;2018;2.149
España;Aragón;Otros recursos hídricos;2016;2.571
España;Aragón;Otros recursos hídricos;2015;4.320
España;Aragón;Otros recursos hídricos;2014;8.476
España;Aragón;Otros recursos hídricos;2013;6.254
España;Aragón;Otros recursos hídricos;2012;5.226
España;Aragón;Otros recursos hídricos;2011;4.721
España;Aragón;Otros recursos hídricos;2010;5.302
España;Aragón;Otros recursos hídricos;2009;10.740
España;Aragón;Otros recursos hídricos;2008;1.235
España;Aragón;Otros recursos hídricos;2007;135
España;Aragón;Otros recursos hídricos;2006;183
España;Aragón;Otros recursos hídricos;2005;4.661
España;Aragón;Otros recursos hídricos;2004;0
España;Aragón;Otros recursos hídricos;2003;82.923
España;Aragón;Otros recursos hídricos;2002;30.000
España;Aragón;Otros recursos hídricos;2001;113.609
España;Aragón;Otros recursos hídricos;2000;98.711
España;Castilla y León;Total;2018;2.290.137
España;Castilla y León;Total;2016;2.356.419
España;Castilla y León;Total;2015;2.825.417
España;Castilla y León;Total;2014;2.950.354
España;Castilla y León;Total;2013;2.615.842
España;Castilla y León;Total;2012;2.986.245
España;Castilla y León;Total;2011;2.710.520
España;Castilla y León;Total;2010;2.273.467
España;Castilla y León;Total;2009;2.381.958
España;Castilla y León;Total;2008;2.428.032
España;Castilla y León;Total;2007;2.497.042
España;Castilla y León;Total;2006;2.403.904
España;Castilla y León;Total;2005;2.550.739
España;Castilla y León;Total;2004;2.626.393
España;Castilla y León;Total;2003;2.696.426
España;Castilla y León;Total;2002;2.749.852
España;Castilla y León;Total;2001;2.921.383
España;Castilla y León;Total;2000;2.937.955
España;Castilla y León;Aguas superficiales;2018;1.829.819
España;Castilla y León;Aguas superficiales;2016;1.936.976
España;Castilla y León;Aguas superficiales;2015;2.330.757
España;Castilla y León;Aguas superficiales;2014;2.404.538
España;Castilla y León;Aguas superficiales;2013;2.120.699
España;Castilla y León;Aguas superficiales;2012;2.448.258
España;Castilla y León;Aguas superficiales;2011;2.280.685
España;Castilla y León;Aguas superficiales;2010;2.222.613
España;Castilla y León;Aguas superficiales;2009;2.301.729
España;Castilla y León;Aguas superficiales;2008;2.326.195
España;Castilla y León;Aguas superficiales;2007;2.365.015
España;Castilla y León;Aguas superficiales;2006;2.347.346
España;Castilla y León;Aguas superficiales;2005;2.389.628
España;Castilla y León;Aguas superficiales;2004;2.620.280
España;Castilla y León;Aguas superficiales;2003;2.616.731
España;Castilla y León;Aguas superficiales;2002;2.744.335
España;Castilla y León;Aguas superficiales;2001;2.783.723
España;Castilla y León;Aguas superficiales;2000;2.815.295
España;Castilla y León;Aguas subterráneas;2018;458.027
España;Castilla y León;Aguas subterráneas;2016;414.730
España;Castilla y León;Aguas subterráneas;2015;490.410
España;Castilla y León;Aguas subterráneas;2014;539.865
España;Castilla y León;Aguas subterráneas;2013;486.718
España;Castilla y León;Aguas subterráneas;2012;527.254
España;Castilla y León;Aguas subterráneas;2011;421.712
España;Castilla y León;Aguas subterráneas;2010;42.107
España;Castilla y León;Aguas subterráneas;2009;80.229
España;Castilla y León;Aguas subterráneas;2008;101.837
España;Castilla y León;Aguas subterráneas;2007;132.027
España;Castilla y León;Aguas subterráneas;2006;56.558
España;Castilla y León;Aguas subterráneas;2005;161.111
España;Castilla y León;Aguas subterráneas;2004;6.113
España;Castilla y León;Aguas subterráneas;2003;3.726
España;Castilla y León;Aguas subterráneas;2002;5.517
España;Castilla y León;Aguas subterráneas;2001;61.816
España;Castilla y León;Aguas subterráneas;2000;59.330
España;Castilla y León;Otros recursos hídricos;2018;2.290
España;Castilla y León;Otros recursos hídricos;2016;4.713
España;Castilla y León;Otros recursos hídricos;2015;4.250
España;Castilla y León;Otros recursos hídricos;2014;5.951
España;Castilla y León;Otros recursos hídricos;2013;8.425
España;Castilla y León;Otros recursos hídricos;2012;10.733
España;Castilla y León;Otros recursos hídricos;2011;8.123
España;Castilla y León;Otros recursos hídricos;2010;8.747
España;Castilla y León;Otros recursos hídricos;2009;0
España;Castilla y León;Otros recursos hídricos;2008;0
España;Castilla y León;Otros recursos hídricos;2007;0
España;Castilla y León;Otros recursos hídricos;2006;0
España;Castilla y León;Otros recursos hídricos;2005;0
España;Castilla y León;Otros recursos hídricos;2004;0
España;Castilla y León;Otros recursos hídricos;2003;75.969
España;Castilla y León;Otros recursos hídricos;2002;0
España;Castilla y León;Otros recursos hídricos;2001;75.844
España;Castilla y León;Otros recursos hídricos;2000;63.330
España;Castilla-La Mancha;Total;2018;1.805.352
España;Castilla-La Mancha;Total;2016;2.012.910
España;Castilla-La Mancha;Total;2015;1.757.820
España;Castilla-La Mancha;Total;2014;1.680.154
España;Castilla-La Mancha;Total;2013;1.826.521
España;Castilla-La Mancha;Total;2012;1.890.021
España;Castilla-La Mancha;Total;2011;1.639.997
España;Castilla-La Mancha;Total;2010;1.691.623
España;Castilla-La Mancha;Total;2009;2.014.129
España;Castilla-La Mancha;Total;2008;1.732.614
España;Castilla-La Mancha;Total;2007;1.931.566
España;Castilla-La Mancha;Total;2006;1.800.495
España;Castilla-La Mancha;Total;2005;1.902.349
España;Castilla-La Mancha;Total;2004;2.425.585
España;Castilla-La Mancha;Total;2003;2.195.445
España;Castilla-La Mancha;Total;2002;2.067.876
España;Castilla-La Mancha;Total;2001;1.910.508
España;Castilla-La Mancha;Total;2000;1.831.856
España;Castilla-La Mancha;Aguas superficiales;2018;926.146
España;Castilla-La Mancha;Aguas superficiales;2016;950.094
España;Castilla-La Mancha;Aguas superficiales;2015;866.605
España;Castilla-La Mancha;Aguas superficiales;2014;851.174
España;Castilla-La Mancha;Aguas superficiales;2013;828.686
España;Castilla-La Mancha;Aguas superficiales;2012;835.124
España;Castilla-La Mancha;Aguas superficiales;2011;635.622
España;Castilla-La Mancha;Aguas superficiales;2010;359.804
España;Castilla-La Mancha;Aguas superficiales;2009;363.171
España;Castilla-La Mancha;Aguas superficiales;2008;417.960
España;Castilla-La Mancha;Aguas superficiales;2007;535.119
España;Castilla-La Mancha;Aguas superficiales;2006;349.685
España;Castilla-La Mancha;Aguas superficiales;2005;530.462
España;Castilla-La Mancha;Aguas superficiales;2004;1.887.100
España;Castilla-La Mancha;Aguas superficiales;2003;1.907.471
España;Castilla-La Mancha;Aguas superficiales;2002;1.815.536
España;Castilla-La Mancha;Aguas superficiales;2001;1.749.057
España;Castilla-La Mancha;Aguas superficiales;2000;1.541.213
España;Castilla-La Mancha;Aguas subterráneas;2018;871.985
España;Castilla-La Mancha;Aguas subterráneas;2016;1.050.739
España;Castilla-La Mancha;Aguas subterráneas;2015;880.675
España;Castilla-La Mancha;Aguas subterráneas;2014;818.160
España;Castilla-La Mancha;Aguas subterráneas;2013;985.251
España;Castilla-La Mancha;Aguas subterráneas;2012;1.041.198
España;Castilla-La Mancha;Aguas subterráneas;2011;992.150
España;Castilla-La Mancha;Aguas subterráneas;2010;1.319.839
España;Castilla-La Mancha;Aguas subterráneas;2009;1.639.523
España;Castilla-La Mancha;Aguas subterráneas;2008;1.314.654
España;Castilla-La Mancha;Aguas subterráneas;2007;1.396.447
España;Castilla-La Mancha;Aguas subterráneas;2006;1.444.841
España;Castilla-La Mancha;Aguas subterráneas;2005;1.371.887
España;Castilla-La Mancha;Aguas subterráneas;2004;538.485
España;Castilla-La Mancha;Aguas subterráneas;2003;270.995
España;Castilla-La Mancha;Aguas subterráneas;2002;252.340
España;Castilla-La Mancha;Aguas subterráneas;2001;161.451
España;Castilla-La Mancha;Aguas subterráneas;2000;290.539
España;Castilla-La Mancha;Otros recursos hídricos;2018;7.221
España;Castilla-La Mancha;Otros recursos hídricos;2016;12.077
España;Castilla-La Mancha;Otros recursos hídricos;2015;10.540
España;Castilla-La Mancha;Otros recursos hídricos;2014;10.820
España;Castilla-La Mancha;Otros recursos hídricos;2013;12.584
España;Castilla-La Mancha;Otros recursos hídricos;2012;13.699
España;Castilla-La Mancha;Otros recursos hídricos;2011;12.225
España;Castilla-La Mancha;Otros recursos hídricos;2010;11.980
España;Castilla-La Mancha;Otros recursos hídricos;2009;11.435
España;Castilla-La Mancha;Otros recursos hídricos;2008;0
España;Castilla-La Mancha;Otros recursos hídricos;2007;0
España;Castilla-La Mancha;Otros recursos hídricos;2006;5.969
España;Castilla-La Mancha;Otros recursos hídricos;2005;0
España;Castilla-La Mancha;Otros recursos hídricos;2004;0
España;Castilla-La Mancha;Otros recursos hídricos;2003;16.979
España;Castilla-La Mancha;Otros recursos hídricos;2002;0
España;Castilla-La Mancha;Otros recursos hídricos;2001;0
España;Castilla-La Mancha;Otros recursos hídricos;2000;104
España;Cataluña;Total;2018;1.162.260
España;Cataluña;Total;2016;1.317.500
España;Cataluña;Total;2015;1.250.230
España;Cataluña;Total;2014;1.375.600
España;Cataluña;Total;2013;1.520.354
España;Cataluña;Total;2012;1.728.268
España;Cataluña;Total;2011;1.682.310
España;Cataluña;Total;2010;1.635.779
España;Cataluña;Total;2009;1.677.164
España;Cataluña;Total;2008;1.756.753
España;Cataluña;Total;2007;1.801.104
España;Cataluña;Total;2006;1.906.770
España;Cataluña;Total;2005;1.690.818
España;Cataluña;Total;2004;2.261.323
España;Cataluña;Total;2003;1.980.704
España;Cataluña;Total;2002;1.840.812
España;Cataluña;Total;2001;2.410.332
España;Cataluña;Total;2000;3.593.261
España;Cataluña;Aguas superficiales;2018;941.431
España;Cataluña;Aguas superficiales;2016;1.096.160
España;Cataluña;Aguas superficiales;2015;1.002.500
España;Cataluña;Aguas superficiales;2014;1.122.192
España;Cataluña;Aguas superficiales;2013;1.334.186
España;Cataluña;Aguas superficiales;2012;1.525.487
España;Cataluña;Aguas superficiales;2011;1.557.620
España;Cataluña;Aguas superficiales;2010;1.603.923
España;Cataluña;Aguas superficiales;2009;1.658.060
España;Cataluña;Aguas superficiales;2008;1.740.135
España;Cataluña;Aguas superficiales;2007;1.788.464
España;Cataluña;Aguas superficiales;2006;1.893.186
España;Cataluña;Aguas superficiales;2005;1.667.066
España;Cataluña;Aguas superficiales;2004;2.248.595
España;Cataluña;Aguas superficiales;2003;1.933.673
España;Cataluña;Aguas superficiales;2002;1.792.639
España;Cataluña;Aguas superficiales;2001;1.961.930
España;Cataluña;Aguas superficiales;2000;3.161.340
España;Cataluña;Aguas subterráneas;2018;215.018
España;Cataluña;Aguas subterráneas;2016;210.800
España;Cataluña;Aguas subterráneas;2015;236.150
España;Cataluña;Aguas subterráneas;2014;240.866
España;Cataluña;Aguas subterráneas;2013;172.584
España;Cataluña;Aguas subterráneas;2012;190.184
España;Cataluña;Aguas subterráneas;2011;109.530
España;Cataluña;Aguas subterráneas;2010;31.241
España;Cataluña;Aguas subterráneas;2009;18.200
España;Cataluña;Aguas subterráneas;2008;15.912
España;Cataluña;Aguas subterráneas;2007;11.593
España;Cataluña;Aguas subterráneas;2006;12.362
España;Cataluña;Aguas subterráneas;2005;17.396
España;Cataluña;Aguas subterráneas;2004;7.749
España;Cataluña;Aguas subterráneas;2003;17.841
España;Cataluña;Aguas subterráneas;2002;9.679
España;Cataluña;Aguas subterráneas;2001;194.810
España;Cataluña;Aguas subterráneas;2000;66.029
España;Cataluña;Otros recursos hídricos;2018;5.811
España;Cataluña;Otros recursos hídricos;2016;10.540
España;Cataluña;Otros recursos hídricos;2015;11.580
España;Cataluña;Otros recursos hídricos;2014;12.542
España;Cataluña;Otros recursos hídricos;2013;13.584
España;Cataluña;Otros recursos hídricos;2012;12.597
España;Cataluña;Otros recursos hídricos;2011;15.160
España;Cataluña;Otros recursos hídricos;2010;615
España;Cataluña;Otros recursos hídricos;2009;904
España;Cataluña;Otros recursos hídricos;2008;706
España;Cataluña;Otros recursos hídricos;2007;1.047
España;Cataluña;Otros recursos hídricos;2006;1.222
España;Cataluña;Otros recursos hídricos;2005;6.356
España;Cataluña;Otros recursos hídricos;2004;4.979
España;Cataluña;Otros recursos hídricos;2003;29.190
España;Cataluña;Otros recursos hídricos;2002;38.494
España;Cataluña;Otros recursos hídricos;2001;253.592
España;Cataluña;Otros recursos hídricos;2000;365.892
España;Comunitat Valenciana;Total;2018;1.650.121
España;Comunitat Valenciana;Total;2016;2.078.700
España;Comunitat Valenciana;Total;2015;2.050.481
España;Comunitat Valenciana;Total;2014;2.375.421
España;Comunitat Valenciana;Total;2013;1.485.625
España;Comunitat Valenciana;Total;2012;1.726.130
España;Comunitat Valenciana;Total;2011;1.676.440
España;Comunitat Valenciana;Total;2010;1.764.793
España;Comunitat Valenciana;Total;2009;2.045.822
España;Comunitat Valenciana;Total;2008;1.618.148
España;Comunitat Valenciana;Total;2007;1.562.002
España;Comunitat Valenciana;Total;2006;1.679.986
España;Comunitat Valenciana;Total;2005;1.837.637
España;Comunitat Valenciana;Total;2004;1.996.521
España;Comunitat Valenciana;Total;2003;2.133.295
España;Comunitat Valenciana;Total;2002;2.002.655
España;Comunitat Valenciana;Total;2001;2.455.308
España;Comunitat Valenciana;Total;2000;2.391.062
España;Comunitat Valenciana;Aguas superficiales;2018;981.822
España;Comunitat Valenciana;Aguas superficiales;2016;1.274.243
España;Comunitat Valenciana;Aguas superficiales;2015;1.273.349
España;Comunitat Valenciana;Aguas superficiales;2014;1.482.421
España;Comunitat Valenciana;Aguas superficiales;2013;896.223
España;Comunitat Valenciana;Aguas superficiales;2012;1.054.029
España;Comunitat Valenciana;Aguas superficiales;2011;1.238.180
España;Comunitat Valenciana;Aguas superficiales;2010;1.331.262
España;Comunitat Valenciana;Aguas superficiales;2009;1.448.301
España;Comunitat Valenciana;Aguas superficiales;2008;1.131.845
España;Comunitat Valenciana;Aguas superficiales;2007;1.044.820
España;Comunitat Valenciana;Aguas superficiales;2006;1.288.236
España;Comunitat Valenciana;Aguas superficiales;2005;1.487.375
España;Comunitat Valenciana;Aguas superficiales;2004;1.737.799
España;Comunitat Valenciana;Aguas superficiales;2003;1.974.329
España;Comunitat Valenciana;Aguas superficiales;2002;1.770.627
España;Comunitat Valenciana;Aguas superficiales;2001;1.852.260
España;Comunitat Valenciana;Aguas superficiales;2000;2.201.994
España;Comunitat Valenciana;Aguas subterráneas;2018;557.741
España;Comunitat Valenciana;Aguas subterráneas;2016;656.869
España;Comunitat Valenciana;Aguas subterráneas;2015;649.850
España;Comunitat Valenciana;Aguas subterráneas;2014;745.750
España;Comunitat Valenciana;Aguas subterráneas;2013;483.528
España;Comunitat Valenciana;Aguas subterráneas;2012;574.358
España;Comunitat Valenciana;Aguas subterráneas;2011;355.720
España;Comunitat Valenciana;Aguas subterráneas;2010;336.080
España;Comunitat Valenciana;Aguas subterráneas;2009;488.701
España;Comunitat Valenciana;Aguas subterráneas;2008;422.803
España;Comunitat Valenciana;Aguas subterráneas;2007;451.727
España;Comunitat Valenciana;Aguas subterráneas;2006;300.186
España;Comunitat Valenciana;Aguas subterráneas;2005;282.355
España;Comunitat Valenciana;Aguas subterráneas;2004;117.909
España;Comunitat Valenciana;Aguas subterráneas;2003;132.180
España;Comunitat Valenciana;Aguas subterráneas;2002;127.581
España;Comunitat Valenciana;Aguas subterráneas;2001;321.340
España;Comunitat Valenciana;Aguas subterráneas;2000;129.115
España;Comunitat Valenciana;Otros recursos hídricos;2018;110.558
España;Comunitat Valenciana;Otros recursos hídricos;2016;147.588
España;Comunitat Valenciana;Otros recursos hídricos;2015;127.282
España;Comunitat Valenciana;Otros recursos hídricos;2014;147.250
España;Comunitat Valenciana;Otros recursos hídricos;2013;105.874
España;Comunitat Valenciana;Otros recursos hídricos;2012;97.743
España;Comunitat Valenciana;Otros recursos hídricos;2011;82.540
España;Comunitat Valenciana;Otros recursos hídricos;2010;97.451
España;Comunitat Valenciana;Otros recursos hídricos;2009;108.820
España;Comunitat Valenciana;Otros recursos hídricos;2008;63.500
España;Comunitat Valenciana;Otros recursos hídricos;2007;65.455
España;Comunitat Valenciana;Otros recursos hídricos;2006;91.564
España;Comunitat Valenciana;Otros recursos hídricos;2005;67.907
España;Comunitat Valenciana;Otros recursos hídricos;2004;140.813
España;Comunitat Valenciana;Otros recursos hídricos;2003;26.786
España;Comunitat Valenciana;Otros recursos hídricos;2002;104.447
España;Comunitat Valenciana;Otros recursos hídricos;2001;281.708
España;Comunitat Valenciana;Otros recursos hídricos;2000;59.953
España;Extremadura;Total;2018;1.886.472
España;Extremadura;Total;2016;1.992.450
España;Extremadura;Total;2015;1.850.472
España;Extremadura;Total;2014;1.796.542
España;Extremadura;Total;2013;1.991.254
España;Extremadura;Total;2012;2.087.235
España;Extremadura;Total;2011;2.025.147
España;Extremadura;Total;2010;2.112.621
España;Extremadura;Total;2009;2.242.121
España;Extremadura;Total;2008;1.644.678
España;Extremadura;Total;2007;1.661.275
España;Extremadura;Total;2006;1.484.674
España;Extremadura;Total;2005;1.540.448
España;Extremadura;Total;2004;1.630.005
España;Extremadura;Total;2003;1.938.564
España;Extremadura;Total;2002;1.687.298
España;Extremadura;Total;2001;1.927.409
España;Extremadura;Total;2000;1.835.570
España;Extremadura;Aguas superficiales;2018;1.712.917
España;Extremadura;Aguas superficiales;2016;1.783.243
España;Extremadura;Aguas superficiales;2015;1.659.873
España;Extremadura;Aguas superficiales;2014;1.643.390
España;Extremadura;Aguas superficiales;2013;1.762.289
España;Extremadura;Aguas superficiales;2012;1.830.267
España;Extremadura;Aguas superficiales;2011;1.824.025
España;Extremadura;Aguas superficiales;2010;1.906.071
España;Extremadura;Aguas superficiales;2009;2.022.911
España;Extremadura;Aguas superficiales;2008;1.483.879
España;Extremadura;Aguas superficiales;2007;1.498.853
España;Extremadura;Aguas superficiales;2006;1.386.536
España;Extremadura;Aguas superficiales;2005;1.344.255
España;Extremadura;Aguas superficiales;2004;1.630.005
España;Extremadura;Aguas superficiales;2003;1.926.671
España;Extremadura;Aguas superficiales;2002;1.687.298
España;Extremadura;Aguas superficiales;2001;1.857.152
España;Extremadura;Aguas superficiales;2000;1.791.242
España;Extremadura;Aguas subterráneas;2018;173.555
España;Extremadura;Aguas subterráneas;2016;209.207
España;Extremadura;Aguas subterráneas;2015;190.599
España;Extremadura;Aguas subterráneas;2014;153.152
España;Extremadura;Aguas subterráneas;2013;228.965
España;Extremadura;Aguas subterráneas;2012;256.968
España;Extremadura;Aguas subterráneas;2011;201.122
España;Extremadura;Aguas subterráneas;2010;206.550
España;Extremadura;Aguas subterráneas;2009;219.210
España;Extremadura;Aguas subterráneas;2008;160.799
España;Extremadura;Aguas subterráneas;2007;162.422
España;Extremadura;Aguas subterráneas;2006;98.138
España;Extremadura;Aguas subterráneas;2005;196.193
España;Extremadura;Aguas subterráneas;2004;0
España;Extremadura;Aguas subterráneas;2003;0
España;Extremadura;Aguas subterráneas;2002;0
España;Extremadura;Aguas subterráneas;2001;0
España;Extremadura;Aguas subterráneas;2000;0
España;Extremadura;Otros recursos hídricos;2018;0
España;Extremadura;Otros recursos hídricos;2016;0
España;Extremadura;Otros recursos hídricos;2015;0
España;Extremadura;Otros recursos hídricos;2014;0
España;Extremadura;Otros recursos hídricos;2013;0
España;Extremadura;Otros recursos hídricos;2012;0
España;Extremadura;Otros recursos hídricos;2011;0
España;Extremadura;Otros recursos hídricos;2010;0
España;Extremadura;Otros recursos hídricos;2009;0
España;Extremadura;Otros recursos hídricos;2008;0
España;Extremadura;Otros recursos hídricos;2007;0
España;Extremadura;Otros recursos hídricos;2006;0
España;Extremadura;Otros recursos hídricos;2005;0
España;Extremadura;Otros recursos hídricos;2004;0
España;Extremadura;Otros recursos hídricos;2003;11.893
España;Extremadura;Otros recursos hídricos;2002;0
España;Extremadura;Otros recursos hídricos;2001;70.257
España;Extremadura;Otros recursos hídricos;2000;44.328
España;Murcia, Región de;Total;2018;675.043
España;Murcia, Región de;Total;2016;663.680
España;Murcia, Región de;Total;2015;680.457
España;Murcia, Región de;Total;2014;743.512
España;Murcia, Región de;Total;2013;630.124
España;Murcia, Región de;Total;2012;683.271
España;Murcia, Región de;Total;2011;636.597
España;Murcia, Región de;Total;2010;536.455
España;Murcia, Región de;Total;2009;570.096
España;Murcia, Región de;Total;2008;528.087
España;Murcia, Región de;Total;2007;562.820
España;Murcia, Región de;Total;2006;538.892
España;Murcia, Región de;Total;2005;586.141
España;Murcia, Región de;Total;2004;652.063
España;Murcia, Región de;Total;2003;695.667
España;Murcia, Región de;Total;2002;740.694
España;Murcia, Región de;Total;2001;643.009
España;Murcia, Región de;Total;2000;550.995
España;Murcia, Región de;Aguas superficiales;2018;321.320
España;Murcia, Región de;Aguas superficiales;2016;328.522
España;Murcia, Región de;Aguas superficiales;2015;340.909
España;Murcia, Región de;Aguas superficiales;2014;375.958
España;Murcia, Región de;Aguas superficiales;2013;305.277
España;Murcia, Región de;Aguas superficiales;2012;345.128
España;Murcia, Región de;Aguas superficiales;2011;292.115
España;Murcia, Región de;Aguas superficiales;2010;192.097
España;Murcia, Región de;Aguas superficiales;2009;175.527
España;Murcia, Región de;Aguas superficiales;2008;132.187
España;Murcia, Región de;Aguas superficiales;2007;109.695
España;Murcia, Región de;Aguas superficiales;2006;99.900
España;Murcia, Región de;Aguas superficiales;2005;158.689
España;Murcia, Región de;Aguas superficiales;2004;491.362
España;Murcia, Región de;Aguas superficiales;2003;423.644
España;Murcia, Región de;Aguas superficiales;2002;529.834
España;Murcia, Región de;Aguas superficiales;2001;453.495
España;Murcia, Región de;Aguas superficiales;2000;408.533
España;Murcia, Región de;Aguas subterráneas;2018;259.892
España;Murcia, Región de;Aguas subterráneas;2016;250.871
España;Murcia, Región de;Aguas subterráneas;2015;254.491
España;Murcia, Región de;Aguas subterráneas;2014;275.919
España;Murcia, Región de;Aguas subterráneas;2013;239.523
España;Murcia, Región de;Aguas subterráneas;2012;263.015
España;Murcia, Región de;Aguas subterráneas;2011;282.322
España;Murcia, Región de;Aguas subterráneas;2010;306.390
España;Murcia, Región de;Aguas subterráneas;2009;329.124
España;Murcia, Región de;Aguas subterráneas;2008;325.322
España;Murcia, Región de;Aguas subterráneas;2007;388.720
España;Murcia, Región de;Aguas subterráneas;2006;364.900
España;Murcia, Región de;Aguas subterráneas;2005;343.618
España;Murcia, Región de;Aguas subterráneas;2004;130.657
España;Murcia, Región de;Aguas subterráneas;2003;226.153
España;Murcia, Región de;Aguas subterráneas;2002;170.211
España;Murcia, Región de;Aguas subterráneas;2001;99.878
España;Murcia, Región de;Aguas subterráneas;2000;123.094
España;Murcia, Región de;Otros recursos hídricos;2018;93.831
España;Murcia, Región de;Otros recursos hídricos;2016;84.287
España;Murcia, Región de;Otros recursos hídricos;2015;85.057
España;Murcia, Región de;Otros recursos hídricos;2014;91.635
España;Murcia, Región de;Otros recursos hídricos;2013;85.324
España;Murcia, Región de;Otros recursos hídricos;2012;75.128
España;Murcia, Región de;Otros recursos hídricos;2011;62.160
España;Murcia, Región de;Otros recursos hídricos;2010;37.968
España;Murcia, Región de;Otros recursos hídricos;2009;65.445
España;Murcia, Región de;Otros recursos hídricos;2008;70.578
España;Murcia, Región de;Otros recursos hídricos;2007;64.405
España;Murcia, Región de;Otros recursos hídricos;2006;74.092
España;Murcia, Región de;Otros recursos hídricos;2005;83.834
España;Murcia, Región de;Otros recursos hídricos;2004;30.044
España;Murcia, Región de;Otros recursos hídricos;2003;45.870
España;Murcia, Región de;Otros recursos hídricos;2002;40.649
España;Murcia, Región de;Otros recursos hídricos;2001;89.636
España;Murcia, Región de;Otros recursos hídricos;2000;19.368
España;Navarra, Comunidad Foral de;Total;2018;578.356
España;Navarra, Comunidad Foral de;Total;2016;547.120
España;Navarra, Comunidad Foral de;Total;2015;560.148
España;Navarra, Comunidad Foral de;Total;2014;754.905
España;Navarra, Comunidad Foral de;Total;2013;853.241
España;Navarra, Comunidad Foral de;Total;2012;813.204
España;Navarra, Comunidad Foral de;Total;2011;719.830
España;Navarra, Comunidad Foral de;Total;2010;528.051
España;Navarra, Comunidad Foral de;Total;2009;691.883
España;Navarra, Comunidad Foral de;Total;2008;749.752
España;Navarra, Comunidad Foral de;Total;2007;567.583
España;Navarra, Comunidad Foral de;Total;2006;458.524
España;Navarra, Comunidad Foral de;Total;2005;458.789
España;Navarra, Comunidad Foral de;Total;2004;445.177
España;Navarra, Comunidad Foral de;Total;2003;525.582
España;Navarra, Comunidad Foral de;Total;2002;518.454
España;Navarra, Comunidad Foral de;Total;2001;650.049
España;Navarra, Comunidad Foral de;Total;2000;631.885
España;Navarra, Comunidad Foral de;Aguas superficiales;2018;518.785
España;Navarra, Comunidad Foral de;Aguas superficiales;2016;485.843
España;Navarra, Comunidad Foral de;Aguas superficiales;2015;498.531
España;Navarra, Comunidad Foral de;Aguas superficiales;2014;672.705
España;Navarra, Comunidad Foral de;Aguas superficiales;2013;821.387
España;Navarra, Comunidad Foral de;Aguas superficiales;2012;780.159
España;Navarra, Comunidad Foral de;Aguas superficiales;2011;704.180
España;Navarra, Comunidad Foral de;Aguas superficiales;2010;506.093
España;Navarra, Comunidad Foral de;Aguas superficiales;2009;676.039
España;Navarra, Comunidad Foral de;Aguas superficiales;2008;733.009
España;Navarra, Comunidad Foral de;Aguas superficiales;2007;556.071
España;Navarra, Comunidad Foral de;Aguas superficiales;2006;446.379
España;Navarra, Comunidad Foral de;Aguas superficiales;2005;443.185
España;Navarra, Comunidad Foral de;Aguas superficiales;2004;442.474
España;Navarra, Comunidad Foral de;Aguas superficiales;2003;511.547
España;Navarra, Comunidad Foral de;Aguas superficiales;2002;502.701
España;Navarra, Comunidad Foral de;Aguas superficiales;2001;636.220
España;Navarra, Comunidad Foral de;Aguas superficiales;2000;621.768
España;Navarra, Comunidad Foral de;Aguas subterráneas;2018;59.571
España;Navarra, Comunidad Foral de;Aguas subterráneas;2016;61.277
España;Navarra, Comunidad Foral de;Aguas subterráneas;2015;61.617
España;Navarra, Comunidad Foral de;Aguas subterráneas;2014;82.200
España;Navarra, Comunidad Foral de;Aguas subterráneas;2013;31.854
España;Navarra, Comunidad Foral de;Aguas subterráneas;2012;33.045
España;Navarra, Comunidad Foral de;Aguas subterráneas;2011;15.650
España;Navarra, Comunidad Foral de;Aguas subterráneas;2010;21.958
España;Navarra, Comunidad Foral de;Aguas subterráneas;2009;15.844
España;Navarra, Comunidad Foral de;Aguas subterráneas;2008;16.743
España;Navarra, Comunidad Foral de;Aguas subterráneas;2007;11.512
España;Navarra, Comunidad Foral de;Aguas subterráneas;2006;12.145
España;Navarra, Comunidad Foral de;Aguas subterráneas;2005;15.604
España;Navarra, Comunidad Foral de;Aguas subterráneas;2004;2.703
España;Navarra, Comunidad Foral de;Aguas subterráneas;2003;9.637
España;Navarra, Comunidad Foral de;Aguas subterráneas;2002;4.271
España;Navarra, Comunidad Foral de;Aguas subterráneas;2001;8.482
España;Navarra, Comunidad Foral de;Aguas subterráneas;2000;7.001
España;Navarra, Comunidad Foral de;Otros recursos hídricos;2018;0
España;Navarra, Comunidad Foral de;Otros recursos hídricos;2016;0
España;Navarra, Comunidad Foral de;Otros recursos hídricos;2015;0
España;Navarra, Comunidad Foral de;Otros recursos hídricos;2014;0
España;Navarra, Comunidad Foral de;Otros recursos hídricos;2013;0
España;Navarra, Comunidad Foral de;Otros recursos hídricos;2012;0
España;Navarra, Comunidad Foral de;Otros recursos hídricos;2011;0
España;Navarra, Comunidad Foral de;Otros recursos hídricos;2010;0
España;Navarra, Comunidad Foral de;Otros recursos hídricos;2009;0
España;Navarra, Comunidad Foral de;Otros recursos hídricos;2008;0
España;Navarra, Comunidad Foral de;Otros recursos hídricos;2007;0
España;Navarra, Comunidad Foral de;Otros recursos hídricos;2006;0
España;Navarra, Comunidad Foral de;Otros recursos hídricos;2005;0
España;Navarra, Comunidad Foral de;Otros recursos hídricos;2004;0
España;Navarra, Comunidad Foral de;Otros recursos hídricos;2003;4.398
España;Navarra, Comunidad Foral de;Otros recursos hídricos;2002;11.482
España;Navarra, Comunidad Foral de;Otros recursos hídricos;2001;5.347
España;Navarra, Comunidad Foral de;Otros recursos hídricos;2000;3.116
España;Rioja, La;Total;2018;229.523
España;Rioja, La;Total;2016;221.712
España;Rioja, La;Total;2015;298.420
España;Rioja, La;Total;2014;305.146
España;Rioja, La;Total;2013;326.258
España;Rioja, La;Total;2012;349.157
España;Rioja, La;Total;2011;316.710
España;Rioja, La;Total;2010;282.537
España;Rioja, La;Total;2009;277.730
España;Rioja, La;Total;2008;249.300
España;Rioja, La;Total;2007;228.493
España;Rioja, La;Total;2006;196.716
España;Rioja, La;Total;2005;198.803
España;Rioja, La;Total;2004;207.594
España;Rioja, La;Total;2003;214.709
España;Rioja, La;Total;2002;219.830
España;Rioja, La;Total;2001;224.713
España;Rioja, La;Total;2000;184.004
España;Rioja, La;Aguas superficiales;2018;206.112
España;Rioja, La;Aguas superficiales;2016;197.102
España;Rioja, La;Aguas superficiales;2015;264.698
España;Rioja, La;Aguas superficiales;2014;270.840
España;Rioja, La;Aguas superficiales;2013;288.407
España;Rioja, La;Aguas superficiales;2012;317.010
España;Rioja, La;Aguas superficiales;2011;291.620
España;Rioja, La;Aguas superficiales;2010;239.064
España;Rioja, La;Aguas superficiales;2009;239.179
España;Rioja, La;Aguas superficiales;2008;228.578
España;Rioja, La;Aguas superficiales;2007;211.349
España;Rioja, La;Aguas superficiales;2006;184.636
España;Rioja, La;Aguas superficiales;2005;185.177
España;Rioja, La;Aguas superficiales;2004;201.365
España;Rioja, La;Aguas superficiales;2003;211.186
España;Rioja, La;Aguas superficiales;2002;211.913
España;Rioja, La;Aguas superficiales;2001;210.161
España;Rioja, La;Aguas superficiales;2000;171.875
España;Rioja, La;Aguas subterráneas;2018;23.411
España;Rioja, La;Aguas subterráneas;2016;24.610
España;Rioja, La;Aguas subterráneas;2015;33.722
España;Rioja, La;Aguas subterráneas;2014;34.306
España;Rioja, La;Aguas subterráneas;2013;37.851
España;Rioja, La;Aguas subterráneas;2012;32.147
España;Rioja, La;Aguas subterráneas;2011;25.090
España;Rioja, La;Aguas subterráneas;2010;43.473
España;Rioja, La;Aguas subterráneas;2009;38.551
España;Rioja, La;Aguas subterráneas;2008;20.722
España;Rioja, La;Aguas subterráneas;2007;17.144
España;Rioja, La;Aguas subterráneas;2006;12.080
España;Rioja, La;Aguas subterráneas;2005;13.626
España;Rioja, La;Aguas subterráneas;2004;6.229
España;Rioja, La;Aguas subterráneas;2003;0
España;Rioja, La;Aguas subterráneas;2002;0
España;Rioja, La;Aguas subterráneas;2001;0
España;Rioja, La;Aguas subterráneas;2000;0
España;Rioja, La;Otros recursos hídricos;2018;0
España;Rioja, La;Otros recursos hídricos;2016;0
España;Rioja, La;Otros recursos hídricos;2015;0
España;Rioja, La;Otros recursos hídricos;2014;0
España;Rioja, La;Otros recursos hídricos;2013;0
España;Rioja, La;Otros recursos hídricos;2012;0
España;Rioja, La;Otros recursos hídricos;2011;0
España;Rioja, La;Otros recursos hídricos;2010;0
España;Rioja, La;Otros recursos hídricos;2009;0
España;Rioja, La;Otros recursos hídricos;2008;0
España;Rioja, La;Otros recursos hídricos;2007;0
España;Rioja, La;Otros recursos hídricos;2006;0
España;Rioja, La;Otros recursos hídricos;2005;0
España;Rioja, La;Otros recursos hídricos;2004;0
España;Rioja, La;Otros recursos hídricos;2003;3.523
España;Rioja, La;Otros recursos hídricos;2002;7.917
España;Rioja, La;Otros recursos hídricos;2001;14.552
España;Rioja, La;Otros recursos hídricos;2000;12.129
Resto de Comunidades Autónomas;;Total;2018;322.572
Resto de Comunidades Autónomas;;Total;2016;313.140
Resto de Comunidades Autónomas;;Total;2015;340.258
Resto de Comunidades Autónomas;;Total;2014;376.258
Resto de Comunidades Autónomas;;Total;2013;358.142
Resto de Comunidades Autónomas;;Total;2012;401.324
Resto de Comunidades Autónomas;;Total;2011;393.552
Resto de Comunidades Autónomas;;Total;2010;320.341
Resto de Comunidades Autónomas;;Total;2009;302.379
Resto de Comunidades Autónomas;;Total;2008;465.873
Resto de Comunidades Autónomas;;Total;2007;605.092
Resto de Comunidades Autónomas;;Total;2006;450.486
Resto de Comunidades Autónomas;;Total;2005;486.560
Resto de Comunidades Autónomas;;Total;2004;587.366
Resto de Comunidades Autónomas;;Total;2003;656.193
Resto de Comunidades Autónomas;;Total;2002;696.166
Resto de Comunidades Autónomas;;Total;2001;673.892
Resto de Comunidades Autónomas;;Total;2000;288.529
Resto de Comunidades Autónomas;;Aguas superficiales;2018;201.608
Resto de Comunidades Autónomas;;Aguas superficiales;2016;198.218
Resto de Comunidades Autónomas;;Aguas superficiales;2015;198.370
Resto de Comunidades Autónomas;;Aguas superficiales;2014;181.232
Resto de Comunidades Autónomas;;Aguas superficiales;2013;219.452
Resto de Comunidades Autónomas;;Aguas superficiales;2012;238.808
Resto de Comunidades Autónomas;;Aguas superficiales;2011;176.120
Resto de Comunidades Autónomas;;Aguas superficiales;2010;124.427
Resto de Comunidades Autónomas;;Aguas superficiales;2009;111.226
Resto de Comunidades Autónomas;;Aguas superficiales;2008;245.938
Resto de Comunidades Autónomas;;Aguas superficiales;2007;312.335
Resto de Comunidades Autónomas;;Aguas superficiales;2006;260.086
Resto de Comunidades Autónomas;;Aguas superficiales;2005;280.088
Resto de Comunidades Autónomas;;Aguas superficiales;2004;501.660
Resto de Comunidades Autónomas;;Aguas superficiales;2003;646.489
Resto de Comunidades Autónomas;;Aguas superficiales;2002;569.973
Resto de Comunidades Autónomas;;Aguas superficiales;2001;536.446
Resto de Comunidades Autónomas;;Aguas superficiales;2000;260.932
Resto de Comunidades Autónomas;;Aguas subterráneas;2018;88.062
Resto de Comunidades Autónomas;;Aguas subterráneas;2016;80.790
Resto de Comunidades Autónomas;;Aguas subterráneas;2015;95.272
Resto de Comunidades Autónomas;;Aguas subterráneas;2014;149.272
Resto de Comunidades Autónomas;;Aguas subterráneas;2013;90.475
Resto de Comunidades Autónomas;;Aguas subterráneas;2012;110.158
Resto de Comunidades Autónomas;;Aguas subterráneas;2011;170.252
Resto de Comunidades Autónomas;;Aguas subterráneas;2010;174.180
Resto de Comunidades Autónomas;;Aguas subterráneas;2009;180.060
Resto de Comunidades Autónomas;;Aguas subterráneas;2008;207.493
Resto de Comunidades Autónomas;;Aguas subterráneas;2007;261.635
Resto de Comunidades Autónomas;;Aguas subterráneas;2006;185.543
Resto de Comunidades Autónomas;;Aguas subterráneas;2005;200.373
Resto de Comunidades Autónomas;;Aguas subterráneas;2004;77.399
Resto de Comunidades Autónomas;;Aguas subterráneas;2003;6.956
Resto de Comunidades Autónomas;;Aguas subterráneas;2002;108.449
Resto de Comunidades Autónomas;;Aguas subterráneas;2001;134.235
Resto de Comunidades Autónomas;;Aguas subterráneas;2000;27.597
Resto de Comunidades Autónomas;;Otros recursos hídricos;2018;32.902
Resto de Comunidades Autónomas;;Otros recursos hídricos;2016;34.132
Resto de Comunidades Autónomas;;Otros recursos hídricos;2015;46.616
Resto de Comunidades Autónomas;;Otros recursos hídricos;2014;45.754
Resto de Comunidades Autónomas;;Otros recursos hídricos;2013;48.215
Resto de Comunidades Autónomas;;Otros recursos hídricos;2012;52.358
Resto de Comunidades Autónomas;;Otros recursos hídricos;2011;47.180
Resto de Comunidades Autónomas;;Otros recursos hídricos;2010;21.734
Resto de Comunidades Autónomas;;Otros recursos hídricos;2009;11.093
Resto de Comunidades Autónomas;;Otros recursos hídricos;2008;12.442
Resto de Comunidades Autónomas;;Otros recursos hídricos;2007;31.122
Resto de Comunidades Autónomas;;Otros recursos hídricos;2006;4.857
Resto de Comunidades Autónomas;;Otros recursos hídricos;2005;6.099
Resto de Comunidades Autónomas;;Otros recursos hídricos;2004;8.307
Resto de Comunidades Autónomas;;Otros recursos hídricos;2003;2.748
Resto de Comunidades Autónomas;;Otros recursos hídricos;2002;17.744
Resto de Comunidades Autónomas;;Otros recursos hídricos;2001;3.211
Resto de Comunidades Autónomas;;Otros recursos hídricos;2000;0
